artist_name,artist_popularity,main_genre_original
(Hed) P.E.,28,industrial
36 Crazyfists,56,industrial
3TEETH,45,industrial
40 Below Summer,25,industrial
:Wumpscut:,20,industrial
A Dama,54,pagode
Acid Horse,22,industrial
Adryana E A Rapaziada,52,pagode
Aesthetic Perfection,24,industrial
Afro Nursery Rhymes,8,kids
Alexandre Pires,46,pagode
Amduscia,25,industrial
American Head Charge,23,industrial
Amy Liz,58,kids
And One,24,industrial
André Renato,50,pagode
Andy Z,31,kids
Angelspit,24,industrial
Anthony Broughton,14,kids
Apoptygma Berzerk,25,industrial
Area 11,28,industrial
Ashbury Heights,22,industrial
Assemblage 23,23,industrial
Atitude 67,51,pagode
Ayria,23,industrial
BG,47,pagode
Babyboomboom,34,kids
BadKidMacei,23,kids
Bala,68,pagode
Barry Carl,12,kids
Basho,17,kids
BeatBo,51,kids
Belo,52,pagode
Big Don,11,kids
Big Mucci,22,kids
Bile,19,industrial
Binho Simões,55,pagode
Blake Rules,23,kids
Blaqk Audio,25,industrial
Blue Stahli,55,industrial
Bokaloka,52,pagode
Bom Gosto,57,pagode
Boston Soundlabs,23,kids
Bunny Hop Dance Party,9,kids
CKY,32,industrial
Celldweller,55,industrial
Centhron,30,industrial
Cha Cha Slide DJ's,7,kids
Chemlab,19,industrial
Chicken Dance Mix DJ's,10,kids
Chicken Dance Party,8,kids
Chiclete Com Banana,45,pagode
Childrens DJ's,15,kids
Chininha,52,pagode
Choo Choo Soul,42,kids
"Christopher ""Zondaflex"" Tyler",19,kids
Christopher Zondaflex Tyler,21,kids
Circle of Dust,4,industrial
Claudia Leitte,43,pagode
Clawfinger,25,industrial
Cluster,0,industrial
Coach Kody,18,kids
Coal Chamber,24,industrial
Cody,26,kids
Cold,59,industrial
Collide,24,industrial
Combichrist,43,industrial
Cooltime Kids,48,kids
Culture Queen,12,kids
Cupid,63,kids
César Menotti,43,pagode
César Menotti & Fabiano,42,pagode
DJ Black Rock,20,kids
DJ Cotton Eye Joe,10,kids
DJ Krazy,13,kids
DYEN,22,industrial
Da Melhor Qualidade,43,pagode
Dance Dance Dance!,8,kids
Davizinho,47,pagode
Deadsy,27,industrial
Death Grips,59,industrial
Debbie Doo,32,kids
Dede Sabunge,56,kids
Delina,12,kids
Desmond Dennis,48,kids
Devine,20,industrial
Di Propósito,55,pagode
Dilsinho,53,pagode
Dive,22,industrial
Doce Encontro,51,pagode
Dope,67,industrial
Dora The Explorer,46,kids
Douglas Sampa,44,pagode
Drowning Pool,75,industrial
Dulce Liquido,24,industrial
Earshot,60,industrial
Edson,52,pagode
Edson & Hudson,44,pagode
Electric Slide DJ's,17,kids
Electric Slide Dance Party DJ's,8,kids
Electric Slide Music Makers,34,kids
Electric Slide Party,13,kids
Element Eighty,57,industrial
Emigrate,55,industrial
FGFC820,25,industrial
FM O Dia,45,pagode
Faderhead,51,industrial
Fala Comigo,48,pagode
Falamansa,47,pagode
Fear Factory,59,industrial
Feindflug,37,industrial
Ferrugem,61,pagode
Filipe Duarte,51,pagode
Filipe Escandurras,43,pagode
Five Pointe O,21,industrial
Flaw,57,industrial
Flesh Field,20,industrial
Freeze Dance DJ's,8,kids
Fresh The Clowns,17,kids
Front 242,36,industrial
Front Line Assembly,29,industrial
Funker Vogt,23,industrial
Gamadinho,54,pagode
Gamação,46,pagode
Genitorturers,21,industrial
Gigantes do Samba,49,pagode
GoKeeKeeGo,10,kids
God Module,23,industrial
Godhead,21,industrial
Golden Features,51,industrial
Grandmaster Slice,20,kids
Grendel,24,industrial
Grey Skye Evans,21,kids
Grupo Caso a Parte,42,pagode
Grupo Clareou,54,pagode
Grupo Katinguelê,41,pagode
Grupo Malícia,46,pagode
Grupo Presença,55,pagode
Grupo Revelação,52,pagode
Grupo Sambaí,42,pagode
Grupo Sem Abuso,55,pagode
Guga Nandes,54,pagode
Gustavo Lins,47,pagode
HELLYEAH,28,industrial
Haujobb,21,industrial
Have Fun Teaching,35,kids
Heimataerde,21,industrial
Helmet,62,industrial
Hip Hop Harry,35,kids
Hocico,23,industrial
IAMX,46,industrial
Ill Niño,55,industrial
Imaginasamba,51,pagode
Imperative Reaction,27,industrial
In Strict Confidence,22,industrial
Informatik,22,industrial
Inimigos Da HP,48,pagode
JOHNNASCUS,21,industrial
JPEGMAFIA,64,industrial
Jack Hartmann,38,kids
Jammil E Uma Noites,42,pagode
Jeito Moleque,55,pagode
John Archambault and David Plummer,50,kids
Jonathan Davis,52,industrial
Junior Jingles,23,kids
Juventude S/A,45,pagode
KD Da Kid,18,kids
KMFDM,48,industrial
Kamisa 10,57,pagode
Karametade,42,pagode
Kids Dance Party,42,kids
Kids Hit Masters,8,kids
Kids Rap Radio,11,kids
Kids Rap'n The Hits,7,kids
Kids Rock Kidz,30,kids
Kidsounds,33,kids
Killing Joke,57,industrial
Kiloucura,46,pagode
King Satan,21,industrial
Kittie,25,industrial
Koo Koo Kanga Roo,52,kids
La Furia,52,pagode
Lani Love,17,kids
Lights Of Euphoria,26,industrial
Lil' Ron Ron,13,kids
Line Dances,15,kids
Little Apple Band,32,kids
Locked Club,39,industrial
Lords Of Acid,21,industrial
Ludovico Technique,21,industrial
MC 900 Ft. Jesus,24,industrial
MDFMK,21,industrial
Machines Of Loving Grace,26,industrial
Magia,45,pagode
Marilyn Manson,73,industrial
Mark D. Pencil,23,kids
Marvvila,63,pagode
Matheusinho,42,pagode
Meat Beat Manifesto,23,industrial
Mee Wee,14,kids
Melotron,23,industrial
Micropoint,26,industrial
Mind.in.a.box,21,industrial
Mindless Self Indulgence,62,industrial
Mini Pop Kids,41,kids
Ministry,27,industrial
Miss Melodee,34,kids
Mister Rhythm,26,kids
Mixx Master Lee,18,kids
Molejo,43,pagode
Mr. C,52,kids
Mr. Dan,56,pagode
Mudvayne,69,industrial
Mumuzinho,65,pagode
Murderdolls,30,industrial
Mushroomhead,61,industrial
My Life With The Thrill Kill Kult,23,industrial
NYXX,52,industrial
Na Hora H,42,pagode
Nachtmahr,22,industrial
Night Club,40,industrial
Niki Istrefi,51,industrial
Nine Inch Nails,66,industrial
Nitzer Ebb,25,industrial
Nonpoint,63,industrial
Nosso Sentimento,53,pagode
Numb,24,industrial
OOMPH!,54,industrial
Onyx Kids,14,kids
Opção 3,45,pagode
Orgy,62,industrial
Os Mulekes,42,pagode
Os Travessos,53,pagode
Otep,25,industrial
PIG,19,industrial
Pailhead,20,industrial
Pain,64,industrial
Papazoni,45,pagode
Parangolé,46,pagode
Patty Shukla,49,kids
Penny Pincher,22,kids
Pigface,25,industrial
Pique Novo,63,pagode
Pixote,57,pagode
Pj Panda,37,kids
Poop Emoji,14,kids
Pop Will Eat Itself,31,industrial
Porcelain Black,54,industrial
Powerman 5000,68,industrial
Preschool Popstars,16,kids
Prick,21,industrial
Priest,25,industrial
Primer 55,57,industrial
Project Omeaga,28,industrial
Project Pitchfork,28,industrial
Prong,58,industrial
Psychostick,28,industrial
Psyclon Nine,26,industrial
Puscifer,52,industrial
Péricles,58,pagode
Quinteto S.A.,57,pagode
Ra,24,industrial
Rabbit Junk,20,industrial
Rammstein,77,industrial
Rave The Reqviem,23,industrial
Ray Remesch,43,kids
Razed In Black,24,industrial
Raça Negra,49,pagode
Revolting Cocks,24,industrial
Rik Gaynor,22,kids
Rob Zombie,76,industrial
Robinho,44,pagode
Rock 'n' Rainbow,45,kids
Rodriguinho,56,pagode
Ronaldo E Os Barcellos,42,pagode
Rotersand,23,industrial
Roy Scott,13,kids
SKYND,49,industrial
Salgadinho,43,pagode
Samprazer,45,pagode
Saul Williams,24,industrial
Scum of the Earth,22,industrial
Secret Agent 23 Skidoo,27,kids
Sem Compromisso,44,pagode
Sem Reznha,51,pagode
Sevendust,32,industrial
Shiv-R,21,industrial
Silly Kidz,7,kids
Sister Machine Gun,21,industrial
Skindred,59,industrial
Skinny Puppy,22,industrial
Skold,20,industrial
Snake River Conspiracy,24,industrial
Snog,23,industrial
Snot,33,industrial
Soil,57,industrial
Sorriso Maroto,60,pagode
Soulfly,56,industrial
Spookie Blue,19,kids
Stabbing Westward,23,industrial
Static-X,64,industrial
Stereomud,24,industrial
Sudario,47,pagode
Suel,55,pagode
Suicide Commando,24,industrial
Super Siah,40,kids
Swans,41,industrial
Swing,46,pagode
Só Pra Contrariar,49,pagode
Taproot,26,industrial
Tentasamba,45,pagode
That Girl Lay Lay,50,kids
The Bad Kids,13,kids
The Birthday Massacre,50,industrial
The Cassandra Complex,20,industrial
The Hampsters,33,kids
The Jamborees,39,kids
The Kiddie Katz,38,kids
The Klinik,22,industrial
The Nursery Rhymes Superstar,8,kids
The Palace Singers,38,kids
The Party Cats,37,kids
The Union Underground,51,industrial
TheWickerTwinz,8,kids
Thiago Martins,52,pagode
Thiaguinho,61,pagode
Tiee,41,pagode
Tones On Tail,22,industrial
Top of the Bus,38,kids
Trbl,21,industrial
Turma do Pagode,63,pagode
Type O Negative,63,industrial
Tá Na Mente,52,pagode
Ultimate Party Mixers,30,kids
Uncle Devin,12,kids
VNV Nation,50,industrial
Vast,24,industrial
Vinny Santa Fé,43,pagode
Vitinho,57,pagode
Vitor Limma,52,pagode
Wando,44,pagode
Wednesday 13,27,industrial
White Zombie,69,industrial
Wobble Baby Wobble Baby,38,kids
Wynardtage,25,industrial
X-RX,27,industrial
XANDDY HARMONIA,48,pagode
Youth Code,20,industrial
ZaZa,3,kids
Zeromancer,35,industrial
Zombie Girl,22,industrial
[:SITD:],22,industrial
bloodsimple,54,industrial
clipping.,46,industrial
ohGr,20,industrial
